duracion_recorrido,id_estacion_origen,fecha_origen_recorrido,nombre_estacion_origen,fecha_destino_recorrido,id_estacion_destino,nombre_estacion_destino,id_usuario,direccion_estacion_origen,long_estacion_origen,lat_estacion_origen,direccion_estacion_destino,long_estacion_destino,lat_estacion_destino,periodo
882,116,2020-12-31 23:54:22,116 - HOSPITAL ALEMÁN,2021-01-01 00:09:04,214.0,142 - Armenia y Gorriti,666202,Beruti & Ecuador,-58.4025864239259,-34.5921712763202,Armenia 1525 y Gorriti,-58.4289721244116,-34.5905413100845,2020
894,116,2020-12-29 12:39:18,116 - HOSPITAL ALEMÁN,2020-12-29 12:54:12,214.0,142 - Armenia y Gorriti,332689,Beruti & Ecuador,-58.4025864239259,-34.5921712763202,Armenia 1525 y Gorriti,-58.4289721244116,-34.5905413100845,2020
1361,116,2020-12-21 21:21:38,116 - HOSPITAL ALEMÁN,2020-12-21 21:44:19,214.0,142 - Armenia y Gorriti,57949,Beruti & Ecuador,-58.4025864239259,-34.5921712763202,Armenia 1525 y Gorriti,-58.4289721244116,-34.5905413100845,2020
1010,116,2020-12-20 21:58:19,116 - HOSPITAL ALEMÁN,2020-12-20 22:15:09,214.0,142 - Armenia y Gorriti,454846,Beruti & Ecuador,-58.4025864239259,-34.5921712763202,Armenia 1525 y Gorriti,-58.4289721244116,-34.5905413100845,2020
1490,116,2020-12-20 13:32:53,116 - HOSPITAL ALEMÁN,2020-12-20 13:57:43,214.0,142 - Armenia y Gorriti,690975,Beruti & Ecuador,-58.4025864239259,-34.5921712763202,Armenia 1525 y Gorriti,-58.4289721244116,-34.5905413100845,2020
976,116,2020-12-19 17:24:42,116 - HOSPITAL ALEMÁN,2020-12-19 17:40:58,214.0,142 - Armenia y Gorriti,698489,Beruti & Ecuador,-58.4025864239259,-34.5921712763202,Armenia 1525 y Gorriti,-58.4289721244116,-34.5905413100845,2020
1519,116,2020-12-17 15:07:28,116 - HOSPITAL ALEMÁN,2020-12-17 15:32:47,214.0,142 - Armenia y Gorriti,69834,Beruti & Ecuador,-58.4025864239259,-34.5921712763202,Armenia 1525 y Gorriti,-58.4289721244116,-34.5905413100845,2020
793,116,2020-12-15 22:47:37,116 - HOSPITAL ALEMÁN,2020-12-15 23:00:50,214.0,142 - Armenia y Gorriti,28640,Beruti & Ecuador,-58.4025864239259,-34.5921712763202,Armenia 1525 y Gorriti,-58.4289721244116,-34.5905413100845,2020
981,116,2020-12-14 18:12:43,116 - HOSPITAL ALEMÁN,2020-12-14 18:29:04,214.0,142 - Armenia y Gorriti,107392,Beruti & Ecuador,-58.4025864239259,-34.5921712763202,Armenia 1525 y Gorriti,-58.4289721244116,-34.5905413100845,2020
1431,116,2020-12-14 18:06:01,116 - HOSPITAL ALEMÁN,2020-12-14 18:29:52,214.0,142 - Armenia y Gorriti,113062,Beruti & Ecuador,-58.4025864239259,-34.5921712763202,Armenia 1525 y Gorriti,-58.4289721244116,-34.5905413100845,2020
1242,116,2020-12-08 11:24:39,116 - HOSPITAL ALEMÁN,2020-12-08 11:45:21,214.0,142 - Armenia y Gorriti,101246,Beruti & Ecuador,-58.4025864239259,-34.5921712763202,Armenia 1525 y Gorriti,-58.4289721244116,-34.5905413100845,2020
1452,116,2020-12-01 15:07:31,116 - HOSPITAL ALEMÁN,2020-12-01 15:31:43,214.0,142 - Armenia y Gorriti,69834,Beruti & Ecuador,-58.4025864239259,-34.5921712763202,Armenia 1525 y Gorriti,-58.4289721244116,-34.5905413100845,2020
717,116,2020-11-26 21:01:36,116 - HOSPITAL ALEMÁN,2020-11-26 21:13:33,214.0,142 - Armenia y Gorriti,200,Beruti & Ecuador,-58.4025864239259,-34.5921712763202,Armenia 1525 y Gorriti,-58.4289721244116,-34.5905413100845,2020
1314,116,2020-11-17 08:13:28,116 - HOSPITAL ALEMÁN,2020-11-17 08:35:22,214.0,142 - Armenia y Gorriti,720492,Beruti & Ecuador,-58.4025864239259,-34.5921712763202,Armenia 1525 y Gorriti,-58.4289721244116,-34.5905413100845,2020
1192,116,2020-11-16 17:10:40,116 - HOSPITAL ALEMÁN,2020-11-16 17:30:32,214.0,142 - Armenia y Gorriti,704277,Beruti & Ecuador,-58.4025864239259,-34.5921712763202,Armenia 1525 y Gorriti,-58.4289721244116,-34.5905413100845,2020
1206,116,2020-11-14 16:32:44,116 - HOSPITAL ALEMÁN,2020-11-14 16:52:50,214.0,142 - Armenia y Gorriti,376231,Beruti & Ecuador,-58.4025864239259,-34.5921712763202,Armenia 1525 y Gorriti,-58.4289721244116,-34.5905413100845,2020
1254,116,2020-11-14 16:31:33,116 - HOSPITAL ALEMÁN,2020-11-14 16:52:27,214.0,142 - Armenia y Gorriti,245050,Beruti & Ecuador,-58.4025864239259,-34.5921712763202,Armenia 1525 y Gorriti,-58.4289721244116,-34.5905413100845,2020
1251,116,2020-11-13 15:23:46,116 - HOSPITAL ALEMÁN,2020-11-13 15:44:37,214.0,142 - Armenia y Gorriti,691637,Beruti & Ecuador,-58.4025864239259,-34.5921712763202,Armenia 1525 y Gorriti,-58.4289721244116,-34.5905413100845,2020
1387,116,2020-11-10 15:11:29,116 - HOSPITAL ALEMÁN,2020-11-10 15:34:36,214.0,142 - Armenia y Gorriti,69834,Beruti & Ecuador,-58.4025864239259,-34.5921712763202,Armenia 1525 y Gorriti,-58.4289721244116,-34.5905413100845,2020
4203,116,2020-11-08 16:15:49,116 - HOSPITAL ALEMÁN,2020-11-08 17:25:52,214.0,142 - Armenia y Gorriti,695345,Beruti & Ecuador,-58.4025864239259,-34.5921712763202,Armenia 1525 y Gorriti,-58.4289721244116,-34.5905413100845,2020
991,116,2020-11-07 21:18:29,116 - HOSPITAL ALEMÁN,2020-11-07 21:35:00,214.0,142 - Armenia y Gorriti,677851,Beruti & Ecuador,-58.4025864239259,-34.5921712763202,Armenia 1525 y Gorriti,-58.4289721244116,-34.5905413100845,2020
2634,116,2020-11-07 19:02:35,116 - HOSPITAL ALEMÁN,2020-11-07 19:46:29,214.0,142 - Armenia y Gorriti,702462,Beruti & Ecuador,-58.4025864239259,-34.5921712763202,Armenia 1525 y Gorriti,-58.4289721244116,-34.5905413100845,2020
1103,116,2020-11-06 10:31:15,116 - HOSPITAL ALEMÁN,2020-11-06 10:49:38,214.0,142 - Armenia y Gorriti,470868,Beruti & Ecuador,-58.4025864239259,-34.5921712763202,Armenia 1525 y Gorriti,-58.4289721244116,-34.5905413100845,2020
1283,116,2020-11-05 17:06:49,116 - HOSPITAL ALEMÁN,2020-11-05 17:28:12,214.0,142 - Armenia y Gorriti,704277,Beruti & Ecuador,-58.4025864239259,-34.5921712763202,Armenia 1525 y Gorriti,-58.4289721244116,-34.5905413100845,2020
1681,116,2020-11-05 14:43:31,116 - HOSPITAL ALEMÁN,2020-11-05 15:11:32,214.0,142 - Armenia y Gorriti,350021,Beruti & Ecuador,-58.4025864239259,-34.5921712763202,Armenia 1525 y Gorriti,-58.4289721244116,-34.5905413100845,2020
1895,116,2020-11-04 17:22:38,116 - HOSPITAL ALEMÁN,2020-11-04 17:54:13,214.0,142 - Armenia y Gorriti,141790,Beruti & Ecuador,-58.4025864239259,-34.5921712763202,Armenia 1525 y Gorriti,-58.4289721244116,-34.5905413100845,2020
1415,116,2020-11-03 14:02:28,116 - HOSPITAL ALEMÁN,2020-11-03 14:26:03,214.0,142 - Armenia y Gorriti,350021,Beruti & Ecuador,-58.4025864239259,-34.5921712763202,Armenia 1525 y Gorriti,-58.4289721244116,-34.5905413100845,2020
1342,116,2020-11-02 14:08:09,116 - HOSPITAL ALEMÁN,2020-11-02 14:30:31,214.0,142 - Armenia y Gorriti,350021,Beruti & Ecuador,-58.4025864239259,-34.5921712763202,Armenia 1525 y Gorriti,-58.4289721244116,-34.5905413100845,2020
827,116,2020-11-01 21:11:55,116 - HOSPITAL ALEMÁN,2020-11-01 21:25:42,214.0,142 - Armenia y Gorriti,712135,Beruti & Ecuador,-58.4025864239259,-34.5921712763202,Armenia 1525 y Gorriti,-58.4289721244116,-34.5905413100845,2020
1056,116,2020-10-30 18:03:04,116 - HOSPITAL ALEMÁN,2020-10-30 18:20:40,214.0,142 - Armenia y Gorriti,92749,Beruti & Ecuador,-58.4025864239259,-34.5921712763202,Armenia 1525 y Gorriti,-58.4289721244116,-34.5905413100845,2020
1478,116,2020-10-27 14:08:09,116 - HOSPITAL ALEMÁN,2020-10-27 14:32:47,214.0,142 - Armenia y Gorriti,350021,Beruti & Ecuador,-58.4025864239259,-34.5921712763202,Armenia 1525 y Gorriti,-58.4289721244116,-34.5905413100845,2020
1234,116,2020-10-25 17:31:50,116 - HOSPITAL ALEMÁN,2020-10-25 17:52:24,214.0,142 - Armenia y Gorriti,437105,Beruti & Ecuador,-58.4025864239259,-34.5921712763202,Armenia 1525 y Gorriti,-58.4289721244116,-34.5905413100845,2020
1220,116,2020-10-25 17:31:50,116 - HOSPITAL ALEMÁN,2020-10-25 17:52:10,214.0,142 - Armenia y Gorriti,465296,Beruti & Ecuador,-58.4025864239259,-34.5921712763202,Armenia 1525 y Gorriti,-58.4289721244116,-34.5905413100845,2020
1747,116,2020-10-16 21:14:52,116 - HOSPITAL ALEMÁN,2020-10-16 21:43:59,214.0,142 - Armenia y Gorriti,188794,Beruti & Ecuador,-58.4025864239259,-34.5921712763202,Armenia 1525 y Gorriti,-58.4289721244116,-34.5905413100845,2020
1674,116,2020-10-16 14:05:38,116 - HOSPITAL ALEMÁN,2020-10-16 14:33:32,214.0,142 - Armenia y Gorriti,674876,Beruti & Ecuador,-58.4025864239259,-34.5921712763202,Armenia 1525 y Gorriti,-58.4289721244116,-34.5905413100845,2020
3274,116,2020-10-12 18:34:11,116 - HOSPITAL ALEMÁN,2020-10-12 19:28:45,214.0,142 - Armenia y Gorriti,199293,Beruti & Ecuador,-58.4025864239259,-34.5921712763202,Armenia 1525 y Gorriti,-58.4289721244116,-34.5905413100845,2020
1207,116,2020-10-09 19:02:16,116 - HOSPITAL ALEMÁN,2020-10-09 19:22:23,214.0,142 - Armenia y Gorriti,670439,Beruti & Ecuador,-58.4025864239259,-34.5921712763202,Armenia 1525 y Gorriti,-58.4289721244116,-34.5905413100845,2020
1793,116,2020-10-08 19:46:15,116 - HOSPITAL ALEMÁN,2020-10-08 20:16:08,214.0,142 - Armenia y Gorriti,360678,Beruti & Ecuador,-58.4025864239259,-34.5921712763202,Armenia 1525 y Gorriti,-58.4289721244116,-34.5905413100845,2020
1790,116,2020-10-08 19:46:15,116 - HOSPITAL ALEMÁN,2020-10-08 20:16:05,214.0,142 - Armenia y Gorriti,364806,Beruti & Ecuador,-58.4025864239259,-34.5921712763202,Armenia 1525 y Gorriti,-58.4289721244116,-34.5905413100845,2020
1012,116,2020-10-05 14:08:49,116 - HOSPITAL ALEMÁN,2020-10-05 14:25:41,214.0,142 - Armenia y Gorriti,681367,Beruti & Ecuador,-58.4025864239259,-34.5921712763202,Armenia 1525 y Gorriti,-58.4289721244116,-34.5905413100845,2020
1445,116,2020-10-02 13:54:58,116 - HOSPITAL ALEMÁN,2020-10-02 14:19:03,214.0,142 - Armenia y Gorriti,350021,Beruti & Ecuador,-58.4025864239259,-34.5921712763202,Armenia 1525 y Gorriti,-58.4289721244116,-34.5905413100845,2020
1593,116,2020-10-01 13:53:05,116 - HOSPITAL ALEMÁN,2020-10-01 14:19:38,214.0,142 - Armenia y Gorriti,350021,Beruti & Ecuador,-58.4025864239259,-34.5921712763202,Armenia 1525 y Gorriti,-58.4289721244116,-34.5905413100845,2020
1758,116,2020-09-30 18:40:32,116 - HOSPITAL ALEMÁN,2020-09-30 19:09:50,214.0,142 - Armenia y Gorriti,696284,Beruti & Ecuador,-58.4025864239259,-34.5921712763202,Armenia 1525 y Gorriti,-58.4289721244116,-34.5905413100845,2020
1483,116,2020-09-29 13:57:53,116 - HOSPITAL ALEMÁN,2020-09-29 14:22:36,214.0,142 - Armenia y Gorriti,350021,Beruti & Ecuador,-58.4025864239259,-34.5921712763202,Armenia 1525 y Gorriti,-58.4289721244116,-34.5905413100845,2020
966,116,2020-09-22 10:06:02,116 - HOSPITAL ALEMÁN,2020-09-22 10:22:08,214.0,142 - Armenia y Gorriti,245518,Beruti & Ecuador,-58.4025864239259,-34.5921712763202,Armenia 1525 y Gorriti,-58.4289721244116,-34.5905413100845,2020
826,116,2020-09-22 00:15:13,116 - HOSPITAL ALEMÁN,2020-09-22 00:28:59,214.0,142 - Armenia y Gorriti,412584,Beruti & Ecuador,-58.4025864239259,-34.5921712763202,Armenia 1525 y Gorriti,-58.4289721244116,-34.5905413100845,2020
2511,116,2020-09-19 16:37:48,116 - HOSPITAL ALEMÁN,2020-09-19 17:19:39,214.0,142 - Armenia y Gorriti,692703,Beruti & Ecuador,-58.4025864239259,-34.5921712763202,Armenia 1525 y Gorriti,-58.4289721244116,-34.5905413100845,2020
2521,116,2020-09-19 16:37:38,116 - HOSPITAL ALEMÁN,2020-09-19 17:19:39,214.0,142 - Armenia y Gorriti,330778,Beruti & Ecuador,-58.4025864239259,-34.5921712763202,Armenia 1525 y Gorriti,-58.4289721244116,-34.5905413100845,2020
1035,116,2020-09-18 10:31:11,116 - HOSPITAL ALEMÁN,2020-09-18 10:48:26,214.0,142 - Armenia y Gorriti,73593,Beruti & Ecuador,-58.4025864239259,-34.5921712763202,Armenia 1525 y Gorriti,-58.4289721244116,-34.5905413100845,2020
1410,116,2020-09-14 12:29:17,116 - HOSPITAL ALEMÁN,2020-09-14 12:52:47,214.0,142 - Armenia y Gorriti,691196,Beruti & Ecuador,-58.4025864239259,-34.5921712763202,Armenia 1525 y Gorriti,-58.4289721244116,-34.5905413100845,2020
1117,116,2020-09-13 17:48:56,116 - HOSPITAL ALEMÁN,2020-09-13 18:07:33,214.0,142 - Armenia y Gorriti,395677,Beruti & Ecuador,-58.4025864239259,-34.5921712763202,Armenia 1525 y Gorriti,-58.4289721244116,-34.5905413100845,2020
1487,116,2020-09-05 18:28:13,116 - HOSPITAL ALEMÁN,2020-09-05 18:53:00,214.0,142 - Armenia y Gorriti,360403,Beruti & Ecuador,-58.4025864239259,-34.5921712763202,Armenia 1525 y Gorriti,-58.4289721244116,-34.5905413100845,2020
915,116,2020-08-31 09:09:18,116 - HOSPITAL ALEMÁN,2020-08-31 09:24:33,214.0,142 - Armenia y Gorriti,669211,Beruti & Ecuador,-58.4025864239259,-34.5921712763202,Armenia 1525 y Gorriti,-58.4289721244116,-34.5905413100845,2020
972,116,2020-08-24 09:35:22,116 - HOSPITAL ALEMÁN,2020-08-24 09:51:34,214.0,142 - Armenia y Gorriti,669211,Beruti & Ecuador,-58.4025864239259,-34.5921712763202,Armenia 1525 y Gorriti,-58.4289721244116,-34.5905413100845,2020
1134,116,2020-08-23 11:48:11,116 - HOSPITAL ALEMÁN,2020-08-23 12:07:05,214.0,142 - Armenia y Gorriti,100778,Beruti & Ecuador,-58.4025864239259,-34.5921712763202,Armenia 1525 y Gorriti,-58.4289721244116,-34.5905413100845,2020
1155,116,2020-08-23 11:47:50,116 - HOSPITAL ALEMÁN,2020-08-23 12:07:05,214.0,142 - Armenia y Gorriti,100762,Beruti & Ecuador,-58.4025864239259,-34.5921712763202,Armenia 1525 y Gorriti,-58.4289721244116,-34.5905413100845,2020
925,116,2020-08-18 09:31:25,116 - HOSPITAL ALEMÁN,2020-08-18 09:46:50,214.0,142 - Armenia y Gorriti,669211,Beruti & Ecuador,-58.4025864239259,-34.5921712763202,Armenia 1525 y Gorriti,-58.4289721244116,-34.5905413100845,2020
1148,116,2020-08-17 18:08:16,116 - HOSPITAL ALEMÁN,2020-08-17 18:27:24,214.0,142 - Armenia y Gorriti,670439,Beruti & Ecuador,-58.4025864239259,-34.5921712763202,Armenia 1525 y Gorriti,-58.4289721244116,-34.5905413100845,2020
826,116,2020-08-05 20:45:00,116 - HOSPITAL ALEMÁN,2020-08-05 20:58:46,214.0,142 - Armenia y Gorriti,288202,Beruti & Ecuador,-58.4025864239259,-34.5921712763202,Armenia 1525 y Gorriti,-58.4289721244116,-34.5905413100845,2020
1171,116,2020-07-30 12:50:22,116 - HOSPITAL ALEMÁN,2020-07-30 13:09:53,214.0,142 - Armenia y Gorriti,585308,Beruti & Ecuador,-58.4025864239259,-34.5921712763202,Armenia 1525 y Gorriti,-58.4289721244116,-34.5905413100845,2020
1393,116,2020-07-25 16:51:49,116 - HOSPITAL ALEMÁN,2020-07-25 17:15:02,214.0,142 - Armenia y Gorriti,21024,Beruti & Ecuador,-58.4025864239259,-34.5921712763202,Armenia 1525 y Gorriti,-58.4289721244116,-34.5905413100845,2020
1060,116,2020-06-18 21:56:33,116 - HOSPITAL ALEMÁN,2020-06-18 22:14:13,214.0,142 - Armenia y Gorriti,28344,Beruti & Ecuador,-58.4025864239259,-34.5921712763202,Armenia 1525 y Gorriti,-58.4289721244116,-34.5905413100845,2020
1544,116,2020-03-16 17:31:03,116 - HOSPITAL ALEMÁN,2020-03-16 17:56:47,214.0,142 - Armenia y Gorriti,607678,Beruti & Ecuador,-58.4025864239259,-34.5921712763202,Armenia 1525 y Gorriti,-58.4289721244116,-34.5905413100845,2020
1018,116,2020-02-21 22:14:18,116 - HOSPITAL ALEMÁN,2020-02-21 22:31:16,214.0,142 - Armenia y Gorriti,32561,Beruti & Ecuador,-58.4025864239259,-34.5921712763202,Armenia 1525 y Gorriti,-58.4289721244116,-34.5905413100845,2020
1374,116,2020-02-11 12:53:51,116 - HOSPITAL ALEMÁN,2020-02-11 13:16:45,214.0,142 - Armenia y Gorriti,288353,Beruti & Ecuador,-58.4025864239259,-34.5921712763202,Armenia 1525 y Gorriti,-58.4289721244116,-34.5905413100845,2020
1275,116,2020-02-06 20:46:52,116 - HOSPITAL ALEMÁN,2020-02-06 21:08:07,214.0,142 - Armenia y Gorriti,318473,Beruti & Ecuador,-58.4025864239259,-34.5921712763202,Armenia 1525 y Gorriti,-58.4289721244116,-34.5905413100845,2020
3167,116,2020-02-04 13:30:38,116 - HOSPITAL ALEMÁN,2020-02-04 14:23:25,214.0,142 - Armenia y Gorriti,648203,Beruti & Ecuador,-58.4025864239259,-34.5921712763202,Armenia 1525 y Gorriti,-58.4289721244116,-34.5905413100845,2020
953,116,2020-01-29 22:05:18,116 - HOSPITAL ALEMÁN,2020-01-29 22:21:11,214.0,142 - Armenia y Gorriti,32561,Beruti & Ecuador,-58.4025864239259,-34.5921712763202,Armenia 1525 y Gorriti,-58.4289721244116,-34.5905413100845,2020
1292,116,2020-01-06 17:26:01,116 - HOSPITAL ALEMÁN,2020-01-06 17:47:33,214.0,142 - Armenia y Gorriti,447252,Beruti & Ecuador,-58.4025864239259,-34.5921712763202,Armenia 1525 y Gorriti,-58.4289721244116,-34.5905413100845,2020
1536,116,2020-01-04 19:55:13,116 - HOSPITAL ALEMÁN,2020-01-04 20:20:49,214.0,142 - Armenia y Gorriti,206294,Beruti & Ecuador,-58.4025864239259,-34.5921712763202,Armenia 1525 y Gorriti,-58.4289721244116,-34.5905413100845,2020
1190,116,2020-01-02 00:25:54,116 - HOSPITAL ALEMÁN,2020-01-02 00:45:44,214.0,142 - Armenia y Gorriti,184744,Beruti & Ecuador,-58.4025864239259,-34.5921712763202,Armenia 1525 y Gorriti,-58.4289721244116,-34.5905413100845,2020
1183,116,2020-01-02 00:25:39,116 - HOSPITAL ALEMÁN,2020-01-02 00:45:22,214.0,142 - Armenia y Gorriti,206294,Beruti & Ecuador,-58.4025864239259,-34.5921712763202,Armenia 1525 y Gorriti,-58.4289721244116,-34.5905413100845,2020
2504,262,2020-12-30 17:36:31,349 - Plaza Saenz Peña,2020-12-30 18:18:15,214.0,142 - Armenia y Gorriti,623885,Andres Lamas&Remedios Escalada de San Martin,-58.4674768852983,-34.6097605592715,Armenia 1525 y Gorriti,-58.4289721244116,-34.5905413100845,2020
1538,262,2020-12-17 02:53:18,349 - Plaza Saenz Peña,2020-12-17 03:18:56,214.0,142 - Armenia y Gorriti,93591,Andres Lamas&Remedios Escalada de San Martin,-58.4674768852983,-34.6097605592715,Armenia 1525 y Gorriti,-58.4289721244116,-34.5905413100845,2020
1865,262,2020-12-13 15:18:20,349 - Plaza Saenz Peña,2020-12-13 15:49:25,214.0,142 - Armenia y Gorriti,732068,Andres Lamas&Remedios Escalada de San Martin,-58.4674768852983,-34.6097605592715,Armenia 1525 y Gorriti,-58.4289721244116,-34.5905413100845,2020
1643,262,2020-12-10 11:27:33,349 - Plaza Saenz Peña,2020-12-10 11:54:56,214.0,142 - Armenia y Gorriti,559780,Andres Lamas&Remedios Escalada de San Martin,-58.4674768852983,-34.6097605592715,Armenia 1525 y Gorriti,-58.4289721244116,-34.5905413100845,2020
1460,262,2020-12-03 18:34:19,349 - Plaza Saenz Peña,2020-12-03 18:58:39,214.0,142 - Armenia y Gorriti,638478,Andres Lamas&Remedios Escalada de San Martin,-58.4674768852983,-34.6097605592715,Armenia 1525 y Gorriti,-58.4289721244116,-34.5905413100845,2020
1868,262,2020-12-03 16:10:43,349 - Plaza Saenz Peña,2020-12-03 16:41:51,214.0,142 - Armenia y Gorriti,365013,Andres Lamas&Remedios Escalada de San Martin,-58.4674768852983,-34.6097605592715,Armenia 1525 y Gorriti,-58.4289721244116,-34.5905413100845,2020
1331,262,2020-12-03 11:48:52,349 - Plaza Saenz Peña,2020-12-03 12:11:03,214.0,142 - Armenia y Gorriti,32874,Andres Lamas&Remedios Escalada de San Martin,-58.4674768852983,-34.6097605592715,Armenia 1525 y Gorriti,-58.4289721244116,-34.5905413100845,2020
1431,262,2020-11-18 18:48:32,349 - Plaza Saenz Peña,2020-11-18 19:12:23,214.0,142 - Armenia y Gorriti,638478,Andres Lamas&Remedios Escalada de San Martin,-58.4674768852983,-34.6097605592715,Armenia 1525 y Gorriti,-58.4289721244116,-34.5905413100845,2020
2157,262,2020-11-17 17:59:27,349 - Plaza Saenz Peña,2020-11-17 18:35:24,214.0,142 - Armenia y Gorriti,237806,Andres Lamas&Remedios Escalada de San Martin,-58.4674768852983,-34.6097605592715,Armenia 1525 y Gorriti,-58.4289721244116,-34.5905413100845,2020
1828,262,2020-11-14 17:19:06,349 - Plaza Saenz Peña,2020-11-14 17:49:34,214.0,142 - Armenia y Gorriti,231408,Andres Lamas&Remedios Escalada de San Martin,-58.4674768852983,-34.6097605592715,Armenia 1525 y Gorriti,-58.4289721244116,-34.5905413100845,2020
2629,262,2020-11-14 17:05:45,349 - Plaza Saenz Peña,2020-11-14 17:49:34,214.0,142 - Armenia y Gorriti,403533,Andres Lamas&Remedios Escalada de San Martin,-58.4674768852983,-34.6097605592715,Armenia 1525 y Gorriti,-58.4289721244116,-34.5905413100845,2020
1627,262,2020-11-07 18:01:57,349 - Plaza Saenz Peña,2020-11-07 18:29:04,214.0,142 - Armenia y Gorriti,592137,Andres Lamas&Remedios Escalada de San Martin,-58.4674768852983,-34.6097605592715,Armenia 1525 y Gorriti,-58.4289721244116,-34.5905413100845,2020
1774,262,2020-11-04 19:00:23,349 - Plaza Saenz Peña,2020-11-04 19:29:57,214.0,142 - Armenia y Gorriti,638478,Andres Lamas&Remedios Escalada de San Martin,-58.4674768852983,-34.6097605592715,Armenia 1525 y Gorriti,-58.4289721244116,-34.5905413100845,2020
1979,262,2020-10-30 11:51:02,349 - Plaza Saenz Peña,2020-10-30 12:24:01,214.0,142 - Armenia y Gorriti,689899,Andres Lamas&Remedios Escalada de San Martin,-58.4674768852983,-34.6097605592715,Armenia 1525 y Gorriti,-58.4289721244116,-34.5905413100845,2020
1260,262,2020-10-28 21:24:40,349 - Plaza Saenz Peña,2020-10-28 21:45:40,214.0,142 - Armenia y Gorriti,240436,Andres Lamas&Remedios Escalada de San Martin,-58.4674768852983,-34.6097605592715,Armenia 1525 y Gorriti,-58.4289721244116,-34.5905413100845,2020
1801,262,2020-10-18 10:25:18,349 - Plaza Saenz Peña,2020-10-18 10:55:19,214.0,142 - Armenia y Gorriti,656302,Andres Lamas&Remedios Escalada de San Martin,-58.4674768852983,-34.6097605592715,Armenia 1525 y Gorriti,-58.4289721244116,-34.5905413100845,2020
1839,262,2020-10-17 22:01:29,349 - Plaza Saenz Peña,2020-10-17 22:32:08,214.0,142 - Armenia y Gorriti,240436,Andres Lamas&Remedios Escalada de San Martin,-58.4674768852983,-34.6097605592715,Armenia 1525 y Gorriti,-58.4289721244116,-34.5905413100845,2020
1627,262,2020-10-12 21:10:56,349 - Plaza Saenz Peña,2020-10-12 21:38:03,214.0,142 - Armenia y Gorriti,705453,Andres Lamas&Remedios Escalada de San Martin,-58.4674768852983,-34.6097605592715,Armenia 1525 y Gorriti,-58.4289721244116,-34.5905413100845,2020
1371,262,2020-10-12 17:21:04,349 - Plaza Saenz Peña,2020-10-12 17:43:55,214.0,142 - Armenia y Gorriti,695564,Andres Lamas&Remedios Escalada de San Martin,-58.4674768852983,-34.6097605592715,Armenia 1525 y Gorriti,-58.4289721244116,-34.5905413100845,2020
1810,262,2020-10-11 15:21:24,349 - Plaza Saenz Peña,2020-10-11 15:51:34,214.0,142 - Armenia y Gorriti,707438,Andres Lamas&Remedios Escalada de San Martin,-58.4674768852983,-34.6097605592715,Armenia 1525 y Gorriti,-58.4289721244116,-34.5905413100845,2020
1980,262,2020-10-11 15:19:33,349 - Plaza Saenz Peña,2020-10-11 15:52:33,214.0,142 - Armenia y Gorriti,707377,Andres Lamas&Remedios Escalada de San Martin,-58.4674768852983,-34.6097605592715,Armenia 1525 y Gorriti,-58.4289721244116,-34.5905413100845,2020
3185,262,2020-09-28 18:19:55,349 - Plaza Saenz Peña,2020-09-28 19:13:00,214.0,142 - Armenia y Gorriti,592137,Andres Lamas&Remedios Escalada de San Martin,-58.4674768852983,-34.6097605592715,Armenia 1525 y Gorriti,-58.4289721244116,-34.5905413100845,2020
1568,262,2020-09-25 17:18:36,349 - Plaza Saenz Peña,2020-09-25 17:44:44,214.0,142 - Armenia y Gorriti,695564,Andres Lamas&Remedios Escalada de San Martin,-58.4674768852983,-34.6097605592715,Armenia 1525 y Gorriti,-58.4289721244116,-34.5905413100845,2020
1844,262,2020-09-11 15:20:47,349 - Plaza Saenz Peña,2020-09-11 15:51:31,214.0,142 - Armenia y Gorriti,289724,Andres Lamas&Remedios Escalada de San Martin,-58.4674768852983,-34.6097605592715,Armenia 1525 y Gorriti,-58.4289721244116,-34.5905413100845,2020
1444,262,2020-09-09 16:52:10,349 - Plaza Saenz Peña,2020-09-09 17:16:14,214.0,142 - Armenia y Gorriti,20569,Andres Lamas&Remedios Escalada de San Martin,-58.4674768852983,-34.6097605592715,Armenia 1525 y Gorriti,-58.4289721244116,-34.5905413100845,2020
1657,262,2020-09-09 13:01:23,349 - Plaza Saenz Peña,2020-09-09 13:29:00,214.0,142 - Armenia y Gorriti,222604,Andres Lamas&Remedios Escalada de San Martin,-58.4674768852983,-34.6097605592715,Armenia 1525 y Gorriti,-58.4289721244116,-34.5905413100845,2020
1662,262,2020-09-05 13:34:51,349 - Plaza Saenz Peña,2020-09-05 14:02:33,214.0,142 - Armenia y Gorriti,676008,Andres Lamas&Remedios Escalada de San Martin,-58.4674768852983,-34.6097605592715,Armenia 1525 y Gorriti,-58.4289721244116,-34.5905413100845,2020
1714,262,2020-09-05 13:34:13,349 - Plaza Saenz Peña,2020-09-05 14:02:47,214.0,142 - Armenia y Gorriti,676039,Andres Lamas&Remedios Escalada de San Martin,-58.4674768852983,-34.6097605592715,Armenia 1525 y Gorriti,-58.4289721244116,-34.5905413100845,2020
3529,262,2020-09-05 12:51:26,349 - Plaza Saenz Peña,2020-09-05 13:50:15,214.0,142 - Armenia y Gorriti,672533,Andres Lamas&Remedios Escalada de San Martin,-58.4674768852983,-34.6097605592715,Armenia 1525 y Gorriti,-58.4289721244116,-34.5905413100845,2020
1906,262,2020-08-31 15:44:45,349 - Plaza Saenz Peña,2020-08-31 16:16:31,214.0,142 - Armenia y Gorriti,324533,Andres Lamas&Remedios Escalada de San Martin,-58.4674768852983,-34.6097605592715,Armenia 1525 y Gorriti,-58.4289721244116,-34.5905413100845,2020
1908,262,2020-08-27 19:56:52,349 - Plaza Saenz Peña,2020-08-27 20:28:40,214.0,142 - Armenia y Gorriti,667671,Andres Lamas&Remedios Escalada de San Martin,-58.4674768852983,-34.6097605592715,Armenia 1525 y Gorriti,-58.4289721244116,-34.5905413100845,2020
1929,262,2020-08-27 19:56:35,349 - Plaza Saenz Peña,2020-08-27 20:28:44,214.0,142 - Armenia y Gorriti,528180,Andres Lamas&Remedios Escalada de San Martin,-58.4674768852983,-34.6097605592715,Armenia 1525 y Gorriti,-58.4289721244116,-34.5905413100845,2020
2133,262,2020-08-22 13:20:09,349 - Plaza Saenz Peña,2020-08-22 13:55:42,214.0,142 - Armenia y Gorriti,683489,Andres Lamas&Remedios Escalada de San Martin,-58.4674768852983,-34.6097605592715,Armenia 1525 y Gorriti,-58.4289721244116,-34.5905413100845,2020
2083,262,2020-08-22 12:42:20,349 - Plaza Saenz Peña,2020-08-22 13:17:03,214.0,142 - Armenia y Gorriti,177113,Andres Lamas&Remedios Escalada de San Martin,-58.4674768852983,-34.6097605592715,Armenia 1525 y Gorriti,-58.4289721244116,-34.5905413100845,2020
1922,262,2020-08-09 13:39:39,349 - Plaza Saenz Peña,2020-08-09 14:11:41,214.0,142 - Armenia y Gorriti,376147,Andres Lamas&Remedios Escalada de San Martin,-58.4674768852983,-34.6097605592715,Armenia 1525 y Gorriti,-58.4289721244116,-34.5905413100845,2020
1745,262,2020-08-01 15:23:11,349 - Plaza Saenz Peña,2020-08-01 15:52:16,214.0,142 - Armenia y Gorriti,83815,Andres Lamas&Remedios Escalada de San Martin,-58.4674768852983,-34.6097605592715,Armenia 1525 y Gorriti,-58.4289721244116,-34.5905413100845,2020
1724,262,2020-07-12 15:45:22,349 - Plaza Saenz Peña,2020-07-12 16:14:06,214.0,142 - Armenia y Gorriti,671564,Andres Lamas&Remedios Escalada de San Martin,-58.4674768852983,-34.6097605592715,Armenia 1525 y Gorriti,-58.4289721244116,-34.5905413100845,2020
2734,262,2020-02-28 00:07:35,349 - Plaza Saenz Peña,2020-02-28 00:53:09,214.0,142 - Armenia y Gorriti,73263,Andres Lamas&Remedios Escalada de San Martin,-58.4674768852983,-34.6097605592715,Armenia 1525 y Gorriti,-58.4289721244116,-34.5905413100845,2020
964,364,2020-12-29 12:13:26,381 - Matienzo Y Arce,2020-12-29 12:29:30,214.0,142 - Armenia y Gorriti,79233,"1798 Matienzo, Benjamin, Teniente",-58.4344681995915,-34.5686927854069,Armenia 1525 y Gorriti,-58.4289721244116,-34.5905413100845,2020
1603,364,2020-12-25 13:19:55,381 - Matienzo Y Arce,2020-12-25 13:46:38,214.0,142 - Armenia y Gorriti,707667,"1798 Matienzo, Benjamin, Teniente",-58.4344681995915,-34.5686927854069,Armenia 1525 y Gorriti,-58.4289721244116,-34.5905413100845,2020
1192,364,2020-12-22 14:36:27,381 - Matienzo Y Arce,2020-12-22 14:56:19,214.0,142 - Armenia y Gorriti,79233,"1798 Matienzo, Benjamin, Teniente",-58.4344681995915,-34.5686927854069,Armenia 1525 y Gorriti,-58.4289721244116,-34.5905413100845,2020
1338,364,2020-12-17 17:30:19,381 - Matienzo Y Arce,2020-12-17 17:52:37,214.0,142 - Armenia y Gorriti,686857,"1798 Matienzo, Benjamin, Teniente",-58.4344681995915,-34.5686927854069,Armenia 1525 y Gorriti,-58.4289721244116,-34.5905413100845,2020
1096,364,2020-12-17 14:11:09,381 - Matienzo Y Arce,2020-12-17 14:29:25,214.0,142 - Armenia y Gorriti,79233,"1798 Matienzo, Benjamin, Teniente",-58.4344681995915,-34.5686927854069,Armenia 1525 y Gorriti,-58.4289721244116,-34.5905413100845,2020
1222,364,2020-12-16 15:31:29,381 - Matienzo Y Arce,2020-12-16 15:51:51,214.0,142 - Armenia y Gorriti,721500,"1798 Matienzo, Benjamin, Teniente",-58.4344681995915,-34.5686927854069,Armenia 1525 y Gorriti,-58.4289721244116,-34.5905413100845,2020
1979,364,2020-12-15 13:11:19,381 - Matienzo Y Arce,2020-12-15 13:44:18,214.0,142 - Armenia y Gorriti,79233,"1798 Matienzo, Benjamin, Teniente",-58.4344681995915,-34.5686927854069,Armenia 1525 y Gorriti,-58.4289721244116,-34.5905413100845,2020
1194,364,2020-12-14 11:57:23,381 - Matienzo Y Arce,2020-12-14 12:17:17,214.0,142 - Armenia y Gorriti,82308,"1798 Matienzo, Benjamin, Teniente",-58.4344681995915,-34.5686927854069,Armenia 1525 y Gorriti,-58.4289721244116,-34.5905413100845,2020
1214,364,2020-12-13 00:01:16,381 - Matienzo Y Arce,2020-12-13 00:21:30,214.0,142 - Armenia y Gorriti,687201,"1798 Matienzo, Benjamin, Teniente",-58.4344681995915,-34.5686927854069,Armenia 1525 y Gorriti,-58.4289721244116,-34.5905413100845,2020
1222,364,2020-12-13 00:01:00,381 - Matienzo Y Arce,2020-12-13 00:21:22,214.0,142 - Armenia y Gorriti,721904,"1798 Matienzo, Benjamin, Teniente",-58.4344681995915,-34.5686927854069,Armenia 1525 y Gorriti,-58.4289721244116,-34.5905413100845,2020
1360,364,2020-12-11 12:41:41,381 - Matienzo Y Arce,2020-12-11 13:04:21,214.0,142 - Armenia y Gorriti,79233,"1798 Matienzo, Benjamin, Teniente",-58.4344681995915,-34.5686927854069,Armenia 1525 y Gorriti,-58.4289721244116,-34.5905413100845,2020
991,364,2020-12-09 13:19:42,381 - Matienzo Y Arce,2020-12-09 13:36:13,214.0,142 - Armenia y Gorriti,79233,"1798 Matienzo, Benjamin, Teniente",-58.4344681995915,-34.5686927854069,Armenia 1525 y Gorriti,-58.4289721244116,-34.5905413100845,2020
1433,364,2020-12-08 15:43:52,381 - Matienzo Y Arce,2020-12-08 16:07:45,214.0,142 - Armenia y Gorriti,288274,"1798 Matienzo, Benjamin, Teniente",-58.4344681995915,-34.5686927854069,Armenia 1525 y Gorriti,-58.4289721244116,-34.5905413100845,2020
1733,364,2020-12-07 22:16:53,381 - Matienzo Y Arce,2020-12-07 22:45:46,214.0,142 - Armenia y Gorriti,162105,"1798 Matienzo, Benjamin, Teniente",-58.4344681995915,-34.5686927854069,Armenia 1525 y Gorriti,-58.4289721244116,-34.5905413100845,2020
1239,364,2020-12-06 15:49:06,381 - Matienzo Y Arce,2020-12-06 16:09:45,214.0,142 - Armenia y Gorriti,721500,"1798 Matienzo, Benjamin, Teniente",-58.4344681995915,-34.5686927854069,Armenia 1525 y Gorriti,-58.4289721244116,-34.5905413100845,2020
1098,364,2020-12-05 23:56:54,381 - Matienzo Y Arce,2020-12-06 00:15:12,214.0,142 - Armenia y Gorriti,80716,"1798 Matienzo, Benjamin, Teniente",-58.4344681995915,-34.5686927854069,Armenia 1525 y Gorriti,-58.4289721244116,-34.5905413100845,2020
1751,364,2020-12-05 19:34:32,381 - Matienzo Y Arce,2020-12-05 20:03:43,214.0,142 - Armenia y Gorriti,721904,"1798 Matienzo, Benjamin, Teniente",-58.4344681995915,-34.5686927854069,Armenia 1525 y Gorriti,-58.4289721244116,-34.5905413100845,2020
1758,364,2020-12-05 19:34:25,381 - Matienzo Y Arce,2020-12-05 20:03:43,214.0,142 - Armenia y Gorriti,687201,"1798 Matienzo, Benjamin, Teniente",-58.4344681995915,-34.5686927854069,Armenia 1525 y Gorriti,-58.4289721244116,-34.5905413100845,2020
1146,364,2020-12-04 15:46:16,381 - Matienzo Y Arce,2020-12-04 16:05:22,214.0,142 - Armenia y Gorriti,275679,"1798 Matienzo, Benjamin, Teniente",-58.4344681995915,-34.5686927854069,Armenia 1525 y Gorriti,-58.4289721244116,-34.5905413100845,2020
1286,364,2020-12-04 11:01:25,381 - Matienzo Y Arce,2020-12-04 11:22:51,214.0,142 - Armenia y Gorriti,554324,"1798 Matienzo, Benjamin, Teniente",-58.4344681995915,-34.5686927854069,Armenia 1525 y Gorriti,-58.4289721244116,-34.5905413100845,2020
2480,364,2020-12-03 15:27:17,381 - Matienzo Y Arce,2020-12-03 16:08:37,214.0,142 - Armenia y Gorriti,675812,"1798 Matienzo, Benjamin, Teniente",-58.4344681995915,-34.5686927854069,Armenia 1525 y Gorriti,-58.4289721244116,-34.5905413100845,2020
1093,364,2020-12-02 15:47:51,381 - Matienzo Y Arce,2020-12-02 16:06:04,214.0,142 - Armenia y Gorriti,554324,"1798 Matienzo, Benjamin, Teniente",-58.4344681995915,-34.5686927854069,Armenia 1525 y Gorriti,-58.4289721244116,-34.5905413100845,2020
2292,364,2020-12-02 00:50:58,381 - Matienzo Y Arce,2020-12-02 01:29:10,214.0,142 - Armenia y Gorriti,668671,"1798 Matienzo, Benjamin, Teniente",-58.4344681995915,-34.5686927854069,Armenia 1525 y Gorriti,-58.4289721244116,-34.5905413100845,2020
1393,364,2020-11-30 17:44:22,381 - Matienzo Y Arce,2020-11-30 18:07:35,214.0,142 - Armenia y Gorriti,151814,"1798 Matienzo, Benjamin, Teniente",-58.4344681995915,-34.5686927854069,Armenia 1525 y Gorriti,-58.4289721244116,-34.5905413100845,2020
987,364,2020-11-29 22:21:52,381 - Matienzo Y Arce,2020-11-29 22:38:19,214.0,142 - Armenia y Gorriti,331279,"1798 Matienzo, Benjamin, Teniente",-58.4344681995915,-34.5686927854069,Armenia 1525 y Gorriti,-58.4289721244116,-34.5905413100845,2020
1142,364,2020-11-26 13:30:37,381 - Matienzo Y Arce,2020-11-26 13:49:39,214.0,142 - Armenia y Gorriti,79233,"1798 Matienzo, Benjamin, Teniente",-58.4344681995915,-34.5686927854069,Armenia 1525 y Gorriti,-58.4289721244116,-34.5905413100845,2020
1411,364,2020-11-26 12:31:28,381 - Matienzo Y Arce,2020-11-26 12:54:59,214.0,142 - Armenia y Gorriti,721500,"1798 Matienzo, Benjamin, Teniente",-58.4344681995915,-34.5686927854069,Armenia 1525 y Gorriti,-58.4289721244116,-34.5905413100845,2020
1263,364,2020-11-25 13:21:46,381 - Matienzo Y Arce,2020-11-25 13:42:49,214.0,142 - Armenia y Gorriti,79233,"1798 Matienzo, Benjamin, Teniente",-58.4344681995915,-34.5686927854069,Armenia 1525 y Gorriti,-58.4289721244116,-34.5905413100845,2020
1041,364,2020-11-24 17:22:00,381 - Matienzo Y Arce,2020-11-24 17:39:21,214.0,142 - Armenia y Gorriti,724408,"1798 Matienzo, Benjamin, Teniente",-58.4344681995915,-34.5686927854069,Armenia 1525 y Gorriti,-58.4289721244116,-34.5905413100845,2020
1254,364,2020-11-24 14:48:57,381 - Matienzo Y Arce,2020-11-24 15:09:51,214.0,142 - Armenia y Gorriti,79233,"1798 Matienzo, Benjamin, Teniente",-58.4344681995915,-34.5686927854069,Armenia 1525 y Gorriti,-58.4289721244116,-34.5905413100845,2020
1040,364,2020-11-23 13:15:08,381 - Matienzo Y Arce,2020-11-23 13:32:28,214.0,142 - Armenia y Gorriti,627227,"1798 Matienzo, Benjamin, Teniente",-58.4344681995915,-34.5686927854069,Armenia 1525 y Gorriti,-58.4289721244116,-34.5905413100845,2020
1604,364,2020-11-22 16:48:40,381 - Matienzo Y Arce,2020-11-22 17:15:24,214.0,142 - Armenia y Gorriti,372083,"1798 Matienzo, Benjamin, Teniente",-58.4344681995915,-34.5686927854069,Armenia 1525 y Gorriti,-58.4289721244116,-34.5905413100845,2020
2250,364,2020-11-22 13:03:20,381 - Matienzo Y Arce,2020-11-22 13:40:50,214.0,142 - Armenia y Gorriti,707894,"1798 Matienzo, Benjamin, Teniente",-58.4344681995915,-34.5686927854069,Armenia 1525 y Gorriti,-58.4289721244116,-34.5905413100845,2020
2245,364,2020-11-22 13:03:16,381 - Matienzo Y Arce,2020-11-22 13:40:41,214.0,142 - Armenia y Gorriti,712985,"1798 Matienzo, Benjamin, Teniente",-58.4344681995915,-34.5686927854069,Armenia 1525 y Gorriti,-58.4289721244116,-34.5905413100845,2020
1889,364,2020-11-20 15:02:00,381 - Matienzo Y Arce,2020-11-20 15:33:29,214.0,142 - Armenia y Gorriti,163529,"1798 Matienzo, Benjamin, Teniente",-58.4344681995915,-34.5686927854069,Armenia 1525 y Gorriti,-58.4289721244116,-34.5905413100845,2020
1126,364,2020-11-20 13:17:23,381 - Matienzo Y Arce,2020-11-20 13:36:09,214.0,142 - Armenia y Gorriti,79233,"1798 Matienzo, Benjamin, Teniente",-58.4344681995915,-34.5686927854069,Armenia 1525 y Gorriti,-58.4289721244116,-34.5905413100845,2020
948,364,2020-11-20 01:28:20,381 - Matienzo Y Arce,2020-11-20 01:44:08,214.0,142 - Armenia y Gorriti,689890,"1798 Matienzo, Benjamin, Teniente",-58.4344681995915,-34.5686927854069,Armenia 1525 y Gorriti,-58.4289721244116,-34.5905413100845,2020
1535,364,2020-11-18 22:39:32,381 - Matienzo Y Arce,2020-11-18 23:05:07,214.0,142 - Armenia y Gorriti,21559,"1798 Matienzo, Benjamin, Teniente",-58.4344681995915,-34.5686927854069,Armenia 1525 y Gorriti,-58.4289721244116,-34.5905413100845,2020
1378,364,2020-11-18 14:38:11,381 - Matienzo Y Arce,2020-11-18 15:01:09,214.0,142 - Armenia y Gorriti,79233,"1798 Matienzo, Benjamin, Teniente",-58.4344681995915,-34.5686927854069,Armenia 1525 y Gorriti,-58.4289721244116,-34.5905413100845,2020
1694,364,2020-11-18 13:00:14,381 - Matienzo Y Arce,2020-11-18 13:28:28,214.0,142 - Armenia y Gorriti,216583,"1798 Matienzo, Benjamin, Teniente",-58.4344681995915,-34.5686927854069,Armenia 1525 y Gorriti,-58.4289721244116,-34.5905413100845,2020
1162,364,2020-11-17 12:55:11,381 - Matienzo Y Arce,2020-11-17 13:14:33,214.0,142 - Armenia y Gorriti,79233,"1798 Matienzo, Benjamin, Teniente",-58.4344681995915,-34.5686927854069,Armenia 1525 y Gorriti,-58.4289721244116,-34.5905413100845,2020
2045,364,2020-11-15 19:18:22,381 - Matienzo Y Arce,2020-11-15 19:52:27,214.0,142 - Armenia y Gorriti,300568,"1798 Matienzo, Benjamin, Teniente",-58.4344681995915,-34.5686927854069,Armenia 1525 y Gorriti,-58.4289721244116,-34.5905413100845,2020
968,364,2020-11-14 20:08:54,381 - Matienzo Y Arce,2020-11-14 20:25:02,214.0,142 - Armenia y Gorriti,27149,"1798 Matienzo, Benjamin, Teniente",-58.4344681995915,-34.5686927854069,Armenia 1525 y Gorriti,-58.4289721244116,-34.5905413100845,2020
1504,364,2020-11-13 19:42:53,381 - Matienzo Y Arce,2020-11-13 20:07:57,214.0,142 - Armenia y Gorriti,428244,"1798 Matienzo, Benjamin, Teniente",-58.4344681995915,-34.5686927854069,Armenia 1525 y Gorriti,-58.4289721244116,-34.5905413100845,2020
1489,364,2020-11-11 16:47:29,381 - Matienzo Y Arce,2020-11-11 17:12:18,214.0,142 - Armenia y Gorriti,665241,"1798 Matienzo, Benjamin, Teniente",-58.4344681995915,-34.5686927854069,Armenia 1525 y Gorriti,-58.4289721244116,-34.5905413100845,2020
1198,364,2020-11-08 12:17:43,381 - Matienzo Y Arce,2020-11-08 12:37:41,214.0,142 - Armenia y Gorriti,106001,"1798 Matienzo, Benjamin, Teniente",-58.4344681995915,-34.5686927854069,Armenia 1525 y Gorriti,-58.4289721244116,-34.5905413100845,2020
1635,364,2020-11-04 12:10:22,381 - Matienzo Y Arce,2020-11-04 12:37:37,214.0,142 - Armenia y Gorriti,701416,"1798 Matienzo, Benjamin, Teniente",-58.4344681995915,-34.5686927854069,Armenia 1525 y Gorriti,-58.4289721244116,-34.5905413100845,2020
1080,364,2020-11-03 17:28:16,381 - Matienzo Y Arce,2020-11-03 17:46:16,214.0,142 - Armenia y Gorriti,430186,"1798 Matienzo, Benjamin, Teniente",-58.4344681995915,-34.5686927854069,Armenia 1525 y Gorriti,-58.4289721244116,-34.5905413100845,2020
1628,364,2020-10-31 13:34:31,381 - Matienzo Y Arce,2020-10-31 14:01:39,214.0,142 - Armenia y Gorriti,714868,"1798 Matienzo, Benjamin, Teniente",-58.4344681995915,-34.5686927854069,Armenia 1525 y Gorriti,-58.4289721244116,-34.5905413100845,2020
1764,364,2020-10-31 10:52:54,381 - Matienzo Y Arce,2020-10-31 11:22:18,214.0,142 - Armenia y Gorriti,359536,"1798 Matienzo, Benjamin, Teniente",-58.4344681995915,-34.5686927854069,Armenia 1525 y Gorriti,-58.4289721244116,-34.5905413100845,2020
1819,364,2020-10-31 10:51:26,381 - Matienzo Y Arce,2020-10-31 11:21:45,214.0,142 - Armenia y Gorriti,668620,"1798 Matienzo, Benjamin, Teniente",-58.4344681995915,-34.5686927854069,Armenia 1525 y Gorriti,-58.4289721244116,-34.5905413100845,2020
1795,364,2020-10-30 17:24:22,381 - Matienzo Y Arce,2020-10-30 17:54:17,214.0,142 - Armenia y Gorriti,589548,"1798 Matienzo, Benjamin, Teniente",-58.4344681995915,-34.5686927854069,Armenia 1525 y Gorriti,-58.4289721244116,-34.5905413100845,2020
1899,364,2020-10-30 17:22:38,381 - Matienzo Y Arce,2020-10-30 17:54:17,214.0,142 - Armenia y Gorriti,677472,"1798 Matienzo, Benjamin, Teniente",-58.4344681995915,-34.5686927854069,Armenia 1525 y Gorriti,-58.4289721244116,-34.5905413100845,2020
1670,364,2020-10-30 16:26:48,381 - Matienzo Y Arce,2020-10-30 16:54:38,214.0,142 - Armenia y Gorriti,665241,"1798 Matienzo, Benjamin, Teniente",-58.4344681995915,-34.5686927854069,Armenia 1525 y Gorriti,-58.4289721244116,-34.5905413100845,2020
1156,364,2020-10-28 12:43:44,381 - Matienzo Y Arce,2020-10-28 13:03:00,214.0,142 - Armenia y Gorriti,554324,"1798 Matienzo, Benjamin, Teniente",-58.4344681995915,-34.5686927854069,Armenia 1525 y Gorriti,-58.4289721244116,-34.5905413100845,2020
1192,364,2020-10-27 12:14:14,381 - Matienzo Y Arce,2020-10-27 12:34:06,214.0,142 - Armenia y Gorriti,320679,"1798 Matienzo, Benjamin, Teniente",-58.4344681995915,-34.5686927854069,Armenia 1525 y Gorriti,-58.4289721244116,-34.5905413100845,2020
1276,364,2020-10-26 10:51:32,381 - Matienzo Y Arce,2020-10-26 11:12:48,214.0,142 - Armenia y Gorriti,554324,"1798 Matienzo, Benjamin, Teniente",-58.4344681995915,-34.5686927854069,Armenia 1525 y Gorriti,-58.4289721244116,-34.5905413100845,2020
2197,364,2020-10-25 17:50:05,381 - Matienzo Y Arce,2020-10-25 18:26:42,214.0,142 - Armenia y Gorriti,72722,"1798 Matienzo, Benjamin, Teniente",-58.4344681995915,-34.5686927854069,Armenia 1525 y Gorriti,-58.4289721244116,-34.5905413100845,2020
1498,364,2020-10-23 16:40:27,381 - Matienzo Y Arce,2020-10-23 17:05:25,214.0,142 - Armenia y Gorriti,30299,"1798 Matienzo, Benjamin, Teniente",-58.4344681995915,-34.5686927854069,Armenia 1525 y Gorriti,-58.4289721244116,-34.5905413100845,2020
1371,364,2020-10-22 18:46:57,381 - Matienzo Y Arce,2020-10-22 19:09:48,214.0,142 - Armenia y Gorriti,231522,"1798 Matienzo, Benjamin, Teniente",-58.4344681995915,-34.5686927854069,Armenia 1525 y Gorriti,-58.4289721244116,-34.5905413100845,2020
877,364,2020-10-20 13:06:53,381 - Matienzo Y Arce,2020-10-20 13:21:30,214.0,142 - Armenia y Gorriti,670263,"1798 Matienzo, Benjamin, Teniente",-58.4344681995915,-34.5686927854069,Armenia 1525 y Gorriti,-58.4289721244116,-34.5905413100845,2020
925,364,2020-10-17 02:13:08,381 - Matienzo Y Arce,2020-10-17 02:28:33,214.0,142 - Armenia y Gorriti,169125,"1798 Matienzo, Benjamin, Teniente",-58.4344681995915,-34.5686927854069,Armenia 1525 y Gorriti,-58.4289721244116,-34.5905413100845,2020
691,364,2020-10-16 21:12:43,381 - Matienzo Y Arce,2020-10-16 21:24:14,214.0,142 - Armenia y Gorriti,18580,"1798 Matienzo, Benjamin, Teniente",-58.4344681995915,-34.5686927854069,Armenia 1525 y Gorriti,-58.4289721244116,-34.5905413100845,2020
1484,364,2020-10-16 19:58:26,381 - Matienzo Y Arce,2020-10-16 20:23:10,214.0,142 - Armenia y Gorriti,238519,"1798 Matienzo, Benjamin, Teniente",-58.4344681995915,-34.5686927854069,Armenia 1525 y Gorriti,-58.4289721244116,-34.5905413100845,2020
1301,364,2020-10-16 13:46:17,381 - Matienzo Y Arce,2020-10-16 14:07:58,214.0,142 - Armenia y Gorriti,79233,"1798 Matienzo, Benjamin, Teniente",-58.4344681995915,-34.5686927854069,Armenia 1525 y Gorriti,-58.4289721244116,-34.5905413100845,2020
917,364,2020-10-15 18:10:10,381 - Matienzo Y Arce,2020-10-15 18:25:27,214.0,142 - Armenia y Gorriti,526003,"1798 Matienzo, Benjamin, Teniente",-58.4344681995915,-34.5686927854069,Armenia 1525 y Gorriti,-58.4289721244116,-34.5905413100845,2020
1367,364,2020-10-14 19:00:44,381 - Matienzo Y Arce,2020-10-14 19:23:31,214.0,142 - Armenia y Gorriti,677443,"1798 Matienzo, Benjamin, Teniente",-58.4344681995915,-34.5686927854069,Armenia 1525 y Gorriti,-58.4289721244116,-34.5905413100845,2020
875,364,2020-10-14 11:19:46,381 - Matienzo Y Arce,2020-10-14 11:34:21,214.0,142 - Armenia y Gorriti,79233,"1798 Matienzo, Benjamin, Teniente",-58.4344681995915,-34.5686927854069,Armenia 1525 y Gorriti,-58.4289721244116,-34.5905413100845,2020
1405,364,2020-10-11 17:15:05,381 - Matienzo Y Arce,2020-10-11 17:38:30,214.0,142 - Armenia y Gorriti,677443,"1798 Matienzo, Benjamin, Teniente",-58.4344681995915,-34.5686927854069,Armenia 1525 y Gorriti,-58.4289721244116,-34.5905413100845,2020
1108,364,2020-10-11 15:13:03,381 - Matienzo Y Arce,2020-10-11 15:31:31,214.0,142 - Armenia y Gorriti,526003,"1798 Matienzo, Benjamin, Teniente",-58.4344681995915,-34.5686927854069,Armenia 1525 y Gorriti,-58.4289721244116,-34.5905413100845,2020
1474,364,2020-10-09 20:30:44,381 - Matienzo Y Arce,2020-10-09 20:55:18,214.0,142 - Armenia y Gorriti,193061,"1798 Matienzo, Benjamin, Teniente",-58.4344681995915,-34.5686927854069,Armenia 1525 y Gorriti,-58.4289721244116,-34.5905413100845,2020
1556,364,2020-10-09 13:18:43,381 - Matienzo Y Arce,2020-10-09 13:44:39,214.0,142 - Armenia y Gorriti,79233,"1798 Matienzo, Benjamin, Teniente",-58.4344681995915,-34.5686927854069,Armenia 1525 y Gorriti,-58.4289721244116,-34.5905413100845,2020
1078,364,2020-10-08 12:02:20,381 - Matienzo Y Arce,2020-10-08 12:20:18,214.0,142 - Armenia y Gorriti,79233,"1798 Matienzo, Benjamin, Teniente",-58.4344681995915,-34.5686927854069,Armenia 1525 y Gorriti,-58.4289721244116,-34.5905413100845,2020
1867,364,2020-10-07 17:43:55,381 - Matienzo Y Arce,2020-10-07 18:15:02,214.0,142 - Armenia y Gorriti,698626,"1798 Matienzo, Benjamin, Teniente",-58.4344681995915,-34.5686927854069,Armenia 1525 y Gorriti,-58.4289721244116,-34.5905413100845,2020
981,364,2020-10-07 13:59:55,381 - Matienzo Y Arce,2020-10-07 14:16:16,214.0,142 - Armenia y Gorriti,79233,"1798 Matienzo, Benjamin, Teniente",-58.4344681995915,-34.5686927854069,Armenia 1525 y Gorriti,-58.4289721244116,-34.5905413100845,2020
993,364,2020-10-06 13:27:51,381 - Matienzo Y Arce,2020-10-06 13:44:24,214.0,142 - Armenia y Gorriti,79233,"1798 Matienzo, Benjamin, Teniente",-58.4344681995915,-34.5686927854069,Armenia 1525 y Gorriti,-58.4289721244116,-34.5905413100845,2020
1662,364,2020-10-04 14:14:58,381 - Matienzo Y Arce,2020-10-04 14:42:40,214.0,142 - Armenia y Gorriti,162370,"1798 Matienzo, Benjamin, Teniente",-58.4344681995915,-34.5686927854069,Armenia 1525 y Gorriti,-58.4289721244116,-34.5905413100845,2020
1806,364,2020-10-04 14:12:25,381 - Matienzo Y Arce,2020-10-04 14:42:31,214.0,142 - Armenia y Gorriti,159135,"1798 Matienzo, Benjamin, Teniente",-58.4344681995915,-34.5686927854069,Armenia 1525 y Gorriti,-58.4289721244116,-34.5905413100845,2020
1690,364,2020-10-02 17:26:11,381 - Matienzo Y Arce,2020-10-02 17:54:21,214.0,142 - Armenia y Gorriti,678013,"1798 Matienzo, Benjamin, Teniente",-58.4344681995915,-34.5686927854069,Armenia 1525 y Gorriti,-58.4289721244116,-34.5905413100845,2020
1282,364,2020-09-29 14:46:12,381 - Matienzo Y Arce,2020-09-29 15:07:34,214.0,142 - Armenia y Gorriti,79233,"1798 Matienzo, Benjamin, Teniente",-58.4344681995915,-34.5686927854069,Armenia 1525 y Gorriti,-58.4289721244116,-34.5905413100845,2020
1274,364,2020-09-24 13:18:04,381 - Matienzo Y Arce,2020-09-24 13:39:18,214.0,142 - Armenia y Gorriti,79233,"1798 Matienzo, Benjamin, Teniente",-58.4344681995915,-34.5686927854069,Armenia 1525 y Gorriti,-58.4289721244116,-34.5905413100845,2020
1219,364,2020-09-24 10:17:41,381 - Matienzo Y Arce,2020-09-24 10:38:00,214.0,142 - Armenia y Gorriti,300858,"1798 Matienzo, Benjamin, Teniente",-58.4344681995915,-34.5686927854069,Armenia 1525 y Gorriti,-58.4289721244116,-34.5905413100845,2020
1294,364,2020-09-22 18:04:41,381 - Matienzo Y Arce,2020-09-22 18:26:15,214.0,142 - Armenia y Gorriti,677443,"1798 Matienzo, Benjamin, Teniente",-58.4344681995915,-34.5686927854069,Armenia 1525 y Gorriti,-58.4289721244116,-34.5905413100845,2020
1147,364,2020-09-18 14:30:17,381 - Matienzo Y Arce,2020-09-18 14:49:24,214.0,142 - Armenia y Gorriti,79233,"1798 Matienzo, Benjamin, Teniente",-58.4344681995915,-34.5686927854069,Armenia 1525 y Gorriti,-58.4289721244116,-34.5905413100845,2020
1194,364,2020-09-16 17:19:58,381 - Matienzo Y Arce,2020-09-16 17:39:52,214.0,142 - Armenia y Gorriti,157233,"1798 Matienzo, Benjamin, Teniente",-58.4344681995915,-34.5686927854069,Armenia 1525 y Gorriti,-58.4289721244116,-34.5905413100845,2020
1243,364,2020-09-15 18:15:06,381 - Matienzo Y Arce,2020-09-15 18:35:49,214.0,142 - Armenia y Gorriti,677443,"1798 Matienzo, Benjamin, Teniente",-58.4344681995915,-34.5686927854069,Armenia 1525 y Gorriti,-58.4289721244116,-34.5905413100845,2020
927,364,2020-09-15 15:01:56,381 - Matienzo Y Arce,2020-09-15 15:17:23,214.0,142 - Armenia y Gorriti,79233,"1798 Matienzo, Benjamin, Teniente",-58.4344681995915,-34.5686927854069,Armenia 1525 y Gorriti,-58.4289721244116,-34.5905413100845,2020
1382,364,2020-09-12 19:50:02,381 - Matienzo Y Arce,2020-09-12 20:13:04,214.0,142 - Armenia y Gorriti,292669,"1798 Matienzo, Benjamin, Teniente",-58.4344681995915,-34.5686927854069,Armenia 1525 y Gorriti,-58.4289721244116,-34.5905413100845,2020
1209,364,2020-09-12 17:14:32,381 - Matienzo Y Arce,2020-09-12 17:34:41,214.0,142 - Armenia y Gorriti,252487,"1798 Matienzo, Benjamin, Teniente",-58.4344681995915,-34.5686927854069,Armenia 1525 y Gorriti,-58.4289721244116,-34.5905413100845,2020
1155,364,2020-09-11 19:43:19,381 - Matienzo Y Arce,2020-09-11 20:02:34,214.0,142 - Armenia y Gorriti,466814,"1798 Matienzo, Benjamin, Teniente",-58.4344681995915,-34.5686927854069,Armenia 1525 y Gorriti,-58.4289721244116,-34.5905413100845,2020
1459,364,2020-09-10 19:51:36,381 - Matienzo Y Arce,2020-09-10 20:15:55,214.0,142 - Armenia y Gorriti,672721,"1798 Matienzo, Benjamin, Teniente",-58.4344681995915,-34.5686927854069,Armenia 1525 y Gorriti,-58.4289721244116,-34.5905413100845,2020
1336,364,2020-09-10 17:48:13,381 - Matienzo Y Arce,2020-09-10 18:10:29,214.0,142 - Armenia y Gorriti,677443,"1798 Matienzo, Benjamin, Teniente",-58.4344681995915,-34.5686927854069,Armenia 1525 y Gorriti,-58.4289721244116,-34.5905413100845,2020
1060,364,2020-09-09 13:48:02,381 - Matienzo Y Arce,2020-09-09 14:05:42,214.0,142 - Armenia y Gorriti,79233,"1798 Matienzo, Benjamin, Teniente",-58.4344681995915,-34.5686927854069,Armenia 1525 y Gorriti,-58.4289721244116,-34.5905413100845,2020
1085,364,2020-09-08 14:53:49,381 - Matienzo Y Arce,2020-09-08 15:11:54,214.0,142 - Armenia y Gorriti,79233,"1798 Matienzo, Benjamin, Teniente",-58.4344681995915,-34.5686927854069,Armenia 1525 y Gorriti,-58.4289721244116,-34.5905413100845,2020
2368,364,2020-09-06 16:10:48,381 - Matienzo Y Arce,2020-09-06 16:50:16,214.0,142 - Armenia y Gorriti,93546,"1798 Matienzo, Benjamin, Teniente",-58.4344681995915,-34.5686927854069,Armenia 1525 y Gorriti,-58.4289721244116,-34.5905413100845,2020
1146,364,2020-09-05 22:23:57,381 - Matienzo Y Arce,2020-09-05 22:43:03,214.0,142 - Armenia y Gorriti,488899,"1798 Matienzo, Benjamin, Teniente",-58.4344681995915,-34.5686927854069,Armenia 1525 y Gorriti,-58.4289721244116,-34.5905413100845,2020
1266,364,2020-09-04 22:16:23,381 - Matienzo Y Arce,2020-09-04 22:37:29,214.0,142 - Armenia y Gorriti,677443,"1798 Matienzo, Benjamin, Teniente",-58.4344681995915,-34.5686927854069,Armenia 1525 y Gorriti,-58.4289721244116,-34.5905413100845,2020
